model,final_VaR,final_ES
PCA_Normal,-0.015801319,-0.01774054
PCA_StudentT,-0.01745462,-0.020148129
FHS,-0.013227285,-0.013227285
HS,-0.01462962,-0.01462962
