Curve,Maturity,KRD
DE,1,0.000005
DE,5,0.0000225
DE,10,0.0000425
DE,20,0.00006
US,1,0.000005
US,5,0.0000225
US,10,0.0000425
US,20,0.00006
